{"blocks": {"1": {"dea": {}, "dfa": {}, "vertex": {"0": {"x": 0.030000000000000027, "y": 2.0, "z": 1.0}, "1": {"x": 2.9699999999999998, "y": 0.0, "z": 0.0}, "2": {"x": 2.9699999999999998, "y": 0.0, "z": 1.0}, "3": {"x": 2.9699999999999998, "y": 2.0, "z": 0.0}, "4": {"x": 2.9699999999999998, "y": 2.0, "z": 1.0}, "5": {"x": 0.030000000000000027, "y": 0.0, "z": 0.0}, "6": {"x": 0.030000000000000027, "y": 0.0, "z": 1.0}, "7": {"x": 0.030000000000000027, "y": 2.0, "z": 0.0}}, "max_int_key": 7, "max_int_fkey": 5, "attributes": {"name": "B1"}, "facedata": {"0": {}, "1": {}, "2": {}, "3": {}, "4": {}, "5": {}}, "edgedata": {}, "face": {"0": ["5", "1", "2", "6"], "1": ["1", "3", "4", "2"], "2": ["3", "7", "0", "4"], "3": ["7", "5", "6", "0"], "4": ["5", "7", "3", "1"], "5": ["6", "2", "4", "0"]}, "dva": {"x": 0.0, "y": 0.0, "z": 0.0}}, "2": {"dea": {}, "dfa": {}, "vertex": {"0": {"x": 5.97, "y": 2.0, "z": 1.0}, "1": {"x": 3.03, "y": 0.0, "z": 0.0}, "2": {"x": 3.03, "y": 0.0, "z": 1.0}, "3": {"x": 3.03, "y": 2.0, "z": 0.0}, "4": {"x": 3.03, "y": 2.0, "z": 1.0}, "5": {"x": 5.97, "y": 0.0, "z": 0.0}, "6": {"x": 5.97, "y": 0.0, "z": 1.0}, "7": {"x": 5.97, "y": 2.0, "z": 0.0}}, "max_int_key": 7, "max_int_fkey": 5, "attributes": {"name": "B2"}, "facedata": {"0": {}, "1": {}, "2": {}, "3": {}, "4": {}, "5": {}}, "edgedata": {}, "face": {"0": ["1", "5", "6", "2"], "1": ["5", "7", "0", "6"], "2": ["7", "3", "4", "0"], "3": ["3", "1", "2", "4"], "4": ["1", "3", "7", "5"], "5": ["2", "6", "0", "4"]}, "dva": {"x": 0.0, "y": 0.0, "z": 0.0}}, "3": {"dea": {}, "dfa": {}, "vertex": {"0": {"x": 4.47, "y": 2.0, "z": 1.0}, "1": {"x": 4.47, "y": 2.0, "z": 1.9999999999999998}, "2": {"x": 1.53, "y": 2.0, "z": 1.0}, "3": {"x": 1.53, "y": 2.0, "z": 1.9999999999999998}, "4": {"x": 4.47, "y": 0.0, "z": 1.0}, "5": {"x": 4.47, "y": 0.0, "z": 1.9999999999999998}, "6": {"x": 1.53, "y": 0.0, "z": 1.0}, "7": {"x": 1.53, "y": 0.0, "z": 1.9999999999999998}}, "max_int_key": 7, "max_int_fkey": 5, "attributes": {"name": "B3"}, "facedata": {"0": {}, "1": {}, "2": {}, "3": {}, "4": {}, "5": {}}, "edgedata": {}, "face": {"0": ["6", "4", "5", "7"], "1": ["4", "0", "1", "5"], "2": ["0", "2", "3", "1"], "3": ["2", "6", "7", "3"], "4": ["6", "2", "0", "4"], "5": ["7", "5", "1", "3"]}, "dva": {"x": 0.0, "y": 0.0, "z": 0.0}}, "0": {"dea": {}, "dfa": {}, "vertex": {"1": {"x": 7.915690897407485, "y": -1.0, "z": 0.0}, "2": {"x": 7.915690897407485, "y": 3.0, "z": 0.0}, "3": {"x": -5.915690897407485, "y": 3.0, "z": 0.0}, "0": {"x": -5.915690897407485, "y": -1.0, "z": 0.0}}, "max_int_key": 3, "max_int_fkey": 0, "attributes": {"name": "B0"}, "facedata": {"0": {}}, "edgedata": {}, "face": {"0": ["0", "1", "2", "3"]}, "dva": {"x": 0.0, "y": 0.0, "z": 0.0}}}, "assembly": {"dva": {"x": 0.0, "y": 0.0, "z": 0.0, "is_support": false}, "dea": {"interface_forces": null, "interface_origin": null, "niterface_size": null, "interface_uvw": null, "interface_type": null, "interface_points": null}, "attributes": {"color.face": null, "name": "Assembly", "color.vertex": null, "color.edge": null}, "vertex": {"1": {"x": 1.4999999999999998, "y": 1.0, "z": 0.5, "is_support": false}, "2": {"x": 4.5, "y": 1.0, "z": 0.5, "is_support": false}, "3": {"x": 3.0, "y": 1.0, "z": 1.5, "is_support": false}, "0": {"x": 1.0, "y": 1.0, "z": 0.0, "is_support": true}}, "edge": {"1": {}, "2": {}, "3": {}, "0": {}}, "halfedge": {"1": {}, "2": {}, "3": {}, "0": {}}, "max_int_key": 3}}