{"blocks": {"1": {"vertex": {"11": {"y": 16.157255859375, "x": -0.007008025646209717, "z": -2.575717417130363e-15}, "10": {"y": 16.266669921875, "x": 5.51956298828125, "z": 3.903127820947816e-15}, "12": {"y": 5.923199462890625, "x": 5.664357299804688, "z": -3.4638958368304883e-15}, "1": {"y": 5.923199462890625, "x": 5.664357299804688, "z": -1.7319479184152442e-15}, "0": {"y": 0.0, "x": -3.642919299551295e-15, "z": 0.0}, "3": {"y": 0.4430961608886719, "x": 0.43448284149169925, "z": 5.273040161132813}, "2": {"y": 6.401498413085938, "x": 6.1379113769531255, "z": 5.273040161132813}, "5": {"y": 11.49014404296875, "x": 6.06667724609375, "z": 5.273040161132813}, "4": {"y": 11.378546142578125, "x": 0.4297397232055664, "z": 5.273040161132813}, "7": {"y": 15.715174560546876, "x": 0.42785877227783203, "z": 5.273040161132813}, "6": {"y": 15.825609130859375, "x": 6.005986328125, "z": 5.273040161132813}, "9": {"y": 16.157255859375, "x": -0.007008025646209717, "z": -7.105427357601002e-16}, "8": {"y": 16.266669921875, "x": 5.51956298828125, "z": 0.0}}, "max_int_fkey": -1, "facedata": {"1": {}, "0": {}, "3": {}, "2": {}, "5": {}, "4": {}, "7": {}, "6": {}, "8": {}}, "edge": {"11": {}, "10": {}, "12": {}, "1": {}, "0": {}, "3": {}, "2": {}, "5": {}, "4": {}, "7": {}, "6": {}, "9": {}, "8": {}}, "dea": {}, "dfa": {}, "attributes": {"color.vertex": [0, 0, 0], "name": "Mesh", "color.face": [0, 0, 0], "color.edge": [0, 0, 0]}, "max_int_key": -1, "dva": {"y": 0.0, "x": 0.0, "z": 0.0}, "face": {"1": ["5", "6", "7", "4"], "0": ["1", "2", "3", "0"], "3": ["10", "6", "5"], "2": ["9", "7", "6", "8"], "5": ["3", "2", "5", "4"], "4": ["11", "4", "7"], "7": ["2", "12", "10", "5"], "6": ["1", "0", "9", "8"], "8": ["11", "0", "3", "4"]}}, "0": {"vertex": {"11": {"y": 5.923199462890625, "x": 5.664357299804688, "z": -3.4638958368304883e-15}, "10": {"y": 6.023316650390625, "x": 15.86490966796875, "z": -3.552713678800501e-16}, "13": {"y": 0.0, "x": 15.978658447265625, "z": -2.220446049250313e-15}, "12": {"y": 0.0, "x": -3.642919299551295e-15, "z": 0.0}, "1": {"y": 0.0, "x": 0.0, "z": 0.0}, "0": {"y": 5.923199462890625, "x": 5.664357299804688, "z": -1.7319479184152442e-15}, "3": {"y": 6.401498413085938, "x": 6.1379113769531255, "z": 5.273040161132813}, "2": {"y": 0.4430961608886719, "x": 0.43448284149169925, "z": 5.273040161132813}, "5": {"y": 0.4430961608886719, "x": 15.55002685546875, "z": 5.273040161132813}, "4": {"y": 0.4430961608886719, "x": 11.145609130859375, "z": 5.273040161132813}, "7": {"y": 6.449532470703125, "x": 11.03218017578125, "z": 5.273040161132813}, "6": {"y": 6.492753295898438, "x": 15.435780029296875, "z": 5.273040161132813}, "9": {"y": 0.0, "x": 15.978658447265625, "z": -6.394884621840902e-15}, "8": {"y": 6.023316650390625, "x": 15.86490966796875, "z": -1.4294121442048891e-16}}, "max_int_fkey": -1, "facedata": {"1": {}, "0": {}, "3": {}, "2": {}, "5": {}, "4": {}, "7": {}, "6": {}, "8": {}}, "edge": {"11": {}, "10": {}, "13": {}, "12": {}, "1": {}, "0": {}, "3": {}, "2": {}, "5": {}, "4": {}, "7": {}, "6": {}, "9": {}, "8": {}}, "dea": {}, "dfa": {}, "attributes": {"color.vertex": [0, 0, 0], "name": "Mesh", "color.face": [0, 0, 0], "color.edge": [0, 0, 0]}, "max_int_key": -1, "dva": {"y": 0.0, "x": 0.0, "z": 0.0}, "face": {"1": ["5", "6", "7", "4"], "0": ["1", "2", "3", "0"], "3": ["9", "10", "6", "5"], "2": ["8", "7", "6"], "5": ["3", "2", "4", "7"], "4": ["9", "5", "4"], "7": ["11", "3", "7", "8"], "6": ["1", "0", "10", "9"], "8": ["2", "12", "13", "4"]}}, "3": {"vertex": {"1": {"y": 0.4430961608886719, "x": 11.145609130859375, "z": 5.273040161132813}, "0": {"y": 0.4430961608886719, "x": 15.55002685546875, "z": 5.273040161132813}, "3": {"y": 6.492753295898438, "x": 15.435780029296875, "z": 5.273040161132813}, "2": {"y": 6.449532470703125, "x": 11.03218017578125, "z": 5.273040161132813}, "5": {"y": 7.03165283203125, "x": 14.943155517578125, "z": 11.326314697265625}, "4": {"y": 6.8964910888671875, "x": 10.623601074218751, "z": 10.29356201171875}, "7": {"y": 0.9874296569824219, "x": 10.61904541015625, "z": 11.75085693359375}, "6": {"y": 1.075193862915039, "x": 14.938563232421876, "z": 12.7952978515625}}, "max_int_fkey": -1, "facedata": {"1": {}, "0": {}, "3": {}, "2": {}, "5": {}, "4": {}}, "edge": {"1": {}, "0": {}, "3": {}, "2": {}, "5": {}, "4": {}, "7": {}, "6": {}}, "dea": {}, "dfa": {}, "attributes": {"color.vertex": [0, 0, 0], "name": "Mesh", "color.face": [0, 0, 0], "color.edge": [0, 0, 0]}, "max_int_key": -1, "dva": {"y": 0.0, "x": 0.0, "z": 0.0}, "face": {"1": ["3", "2", "4", "5"], "0": ["1", "2", "3", "0"], "3": ["1", "0", "6", "7"], "2": ["0", "3", "5", "6"], "5": ["5", "4", "7", "6"], "4": ["1", "7", "4", "2"]}}, "2": {"vertex": {"1": {"y": 15.715174560546876, "x": 0.42785877227783203, "z": 5.273040161132813}, "0": {"y": 11.378546142578125, "x": 0.4297397232055664, "z": 5.273040161132813}, "3": {"y": 11.49014404296875, "x": 6.06667724609375, "z": 5.273040161132813}, "2": {"y": 15.825609130859375, "x": 6.005986328125, "z": 5.273040161132813}, "5": {"y": 15.318924560546876, "x": 6.564783935546875, "z": 11.33064208984375}, "4": {"y": 15.108153076171876, "x": 1.0249752044677733, "z": 12.5134619140625}, "7": {"y": 10.849381103515626, "x": 0.9502677917480469, "z": 11.58477783203125}, "6": {"y": 11.06200927734375, "x": 6.53884521484375, "z": 10.391545410156251}}, "max_int_fkey": -1, "facedata": {"1": {}, "0": {}, "3": {}, "2": {}, "5": {}, "4": {}}, "edge": {"1": {}, "0": {}, "3": {}, "2": {}, "5": {}, "4": {}, "7": {}, "6": {}}, "dea": {}, "dfa": {}, "attributes": {"color.vertex": [0, 0, 0], "name": "Mesh", "color.face": [0, 0, 0], "color.edge": [0, 0, 0]}, "max_int_key": -1, "dva": {"y": 0.0, "x": 0.0, "z": 0.0}, "face": {"1": ["1", "4", "5", "2"], "0": ["1", "2", "3", "0"], "3": ["1", "0", "7", "4"], "2": ["3", "2", "5", "6"], "5": ["5", "4", "7", "6"], "4": ["0", "3", "6", "7"]}}, "5": {"vertex": {"1": {"y": 10.849381103515626, "x": 0.9502677917480469, "z": 11.58477783203125}, "0": {"y": 11.06200927734375, "x": 6.53884521484375, "z": 10.391545410156251}, "3": {"y": 15.318924560546876, "x": 6.564783935546875, "z": 11.33064208984375}, "2": {"y": 15.108153076171876, "x": 1.0249752044677733, "z": 12.5134619140625}, "5": {"y": 14.478526611328125, "x": 6.129323120117188, "z": 21.0623583984375}, "4": {"y": 14.964267578125, "x": 11.5387890625, "z": 16.632237548828126}, "7": {"y": 10.540009765625, "x": 7.114532470703125, "z": 16.632237548828126}, "6": {"y": 10.056525268554688, "x": 1.7301856994628906, "z": 21.041787109375}, "9": {"y": 14.875474853515625, "x": 7.053841552734375, "z": 16.632237548828126}, "8": {"y": 14.43492919921875, "x": 1.6872128295898439, "z": 20.5435205078125}}, "max_int_fkey": -1, "facedata": {"1": {}, "0": {}, "3": {}, "2": {}, "5": {}, "4": {}, "7": {}, "6": {}, "8": {}}, "edge": {"1": {}, "0": {}, "3": {}, "2": {}, "5": {}, "4": {}, "7": {}, "6": {}, "9": {}, "8": {}}, "dea": {}, "dfa": {}, "attributes": {"color.vertex": [0, 0, 0], "name": "Mesh", "color.face": [0, 0, 0], "color.edge": [0, 0, 0]}, "max_int_key": -1, "dva": {"y": 0.0, "x": 0.0, "z": 0.0}, "face": {"1": ["5", "6", "7", "4"], "0": ["1", "2", "3", "0"], "3": ["9", "4", "7"], "2": ["8", "6", "5"], "5": ["9", "7", "0", "3"], "4": ["1", "0", "7", "6"], "7": ["1", "6", "8", "2"], "6": ["9", "3", "2", "8"], "8": ["9", "8", "5", "4"]}}, "4": {"vertex": {"1": {"y": 7.03165283203125, "x": 14.943155517578125, "z": 11.326314697265625}, "0": {"y": 6.8964910888671875, "x": 10.623601074218751, "z": 10.29356201171875}, "3": {"y": 0.9874296569824219, "x": 10.61904541015625, "z": 11.75085693359375}, "2": {"y": 1.075193862915039, "x": 14.938563232421876, "z": 12.7952978515625}, "5": {"y": 11.7835791015625, "x": 14.4305322265625, "z": 16.632237548828126}, "4": {"y": 6.22486572265625, "x": 14.03404296875, "z": 22.92409423828125}, "7": {"y": 1.924216766357422, "x": 9.71283935546875, "z": 22.89904296875}, "6": {"y": 7.460797119140625, "x": 10.107749633789062, "z": 16.632237548828126},