{"blocks": {"10": {"dea": {}, "dfa": {}, "vertex": {"1": {"x": 14.0, "y": -2.0, "z": 0.0}, "2": {"x": -10.0, "y": -2.0, "z": 0.0}, "3": {"x": -10.0, "y": 5.0, "z": 0.0}, "0": {"x": 14.0, "y": 5.0, "z": 0.0}}, "max_int_key": 3, "max_int_fkey": 0, "attributes": {"name": "B10"}, "facedata": {"0": {}}, "edgedata": {}, "face": {"0": ["2", "1", "0", "3"]}, "dva": {"x": 0.0, "y": 0.0, "z": 0.0}}, "0": {"dea": {}, "dfa": {}, "vertex": {"0": {"x": 10.0, "y": -1.0, "z": 0.0}, "1": {"x": 12.000000000000002, "y": -1.0, "z": 0.0}, "2": {"x": 8.915236648547516, "y": 4.0, "z": 2.2752424820510675}, "3": {"x": 10.0, "y": 4.0, "z": 0.0}, "4": {"x": 8.915236648547516, "y": -1.0, "z": 2.2752424820510675}, "5": {"x": 10.599541548512441, "y": -1.0, "z": 2.604788515540828}, "6": {"x": 10.599541548512441, "y": 4.0, "z": 2.604788515540828}, "7": {"x": 12.000000000000002, "y": 4.0, "z": 0.0}}, "max_int_key": 7, "max_int_fkey": 5, "attributes": {"name": "B0"}, "facedata": {"0": {}, "1": {}, "2": {}, "3": {}, "4": {}, "5": {}}, "edgedata": {}, "face": {"0": ["3", "7", "1", "0"], "1": ["7", "6", "5", "1"], "2": ["6", "2", "4", "5"], "3": ["2", "3", "0", "4"], "4": ["3", "2", "6", "7"], "5": ["0", "1", "5", "4"]}, "dva": {"x": 0.0, "y": 0.0, "z": 0.0}}, "1": {"dea": {}, "dfa": {}, "vertex": {"0": {"x": 7.675900953631592, "y": 4.0, "z": 4.469645863766825}, "1": {"x": 9.00411105321418, "y": -1.0, "z": 5.094242835424307}, "2": {"x": 8.915236648547518, "y": 4.0, "z": 2.275242482051066}, "3": {"x": 8.915236648547518, "y": -1.0, "z": 2.275242482051066}, "4": {"x": 10.599541548512443, "y": -1.0, "z": 2.604788515540829}, "5": {"x": 7.675900953631592, "y": -1.0, "z": 4.469645863766825}, "6": {"x": 10.599541548512443, "y": 4.0, "z": 2.604788515540829}, "7": {"x": 9.00411105321418, "y": 4.0, "z": 5.094242835424307}}, "max_int_key": 7, "max_int_fkey": 5, "attributes": {"name": "B1"}, "facedata": {"0": {}, "1": {}, "2": {}, "3": {}, "4": {}, "5": {}}, "edgedata": {}, "face": {"0": ["2", "6", "4", "3"], "1": ["6", "7", "1", "4"], "2": ["7", "0", "5", "1"], "3": ["0", "2", "3", "5"], "4": ["2", "0", "7", "6"], "5": ["3", "4", "1", "5"]}, "dva": {"x": 0.0, "y": 0.0, "z": 0.0}}, "2": {"dea": {}, "dfa": {}, "vertex": {"0": {"x": 6.204513431499196, "y": 4.0, "z": 6.514040644360713}, "1": {"x": 7.67590095363159, "y": 4.0, "z": 4.469645863766823}, "2": {"x": 7.124243956613013, "y": -1.0, "z": 7.374212387311502}, "3": {"x": 7.124243956613013, "y": 4.0, "z": 7.374212387311502}, "4": {"x": 9.004111053214178, "y": -1.0, "z": 5.094242835424307}, "5": {"x": 6.204513431499196, "y": -1.0, "z": 6.514040644360713}, "6": {"x": 7.67590095363159, "y": -1.0, "z": 4.469645863766823}, "7": {"x": 9.004111053214178, "y": 4.0, "z": 5.094242835424307}}, "max_int_key": 7, "max_int_fkey": 5, "attributes": {"name": "B2"}, "facedata": {"0": {}, "1": {}, "2": {}, "3": {}, "4": {}, "5": {}}, "edgedata": {}, "face": {"0": ["1", "7", "4", "6"], "1": ["7", "3", "2", "4"], "2": ["3", "0", "5", "2"], "3": ["0", "1", "6", "5"], "4": ["1", "0", "3", "7"], "5": ["6", "4", "2", "5"]}, "dva": {"x": 0.0, "y": 0.0, "z": 0.0}}, "3": {"dea": {}, "dfa": {}, "vertex": {"0": {"x": 6.204513431499199, "y": 4.0, "z": 6.514040644360714}, "1": {"x": 7.1242439566130145, "y": -1.0, "z": 7.374212387311503}, "2": {"x": 7.1242439566130145, "y": 4.0, "z": 7.374212387311503}, "3": {"x": 4.3580080743587875, "y": -1.0, "z": 8.218096582677015}, "4": {"x": 4.815478488961894, "y": 4.0, "z": 9.207308087819289}, "5": {"x": 4.815478488961894, "y": -1.0, "z": 9.207308087819289}, "6": {"x": 4.3580080743587875, "y": 4.0, "z": 8.218096582677015}, "7": {"x": 6.204513431499199, "y": -1.0, "z": 6.514040644360714}}, "max_int_key": 7, "max_int_fkey": 5, "attributes": {"name": "B3"}, "facedata": {"0": {}, "1": {}, "2": {}, "3": {}, "4": {}, "5": {}}, "edgedata": {}, "face": {"0": ["0", "2", "1", "7"], "1": ["2", "4", "5", "1"], "2": ["4", "6", "3", "5"], "3": ["6", "0", "7", "3"], "4": ["0", "6", "4", "2"], "5": ["7", "1", "5", "3"]}, "dva": {"x": 0.0, "y": 0.0, "z": 0.0}}, "4": {"dea": {}, "dfa": {}, "vertex": {"0": {"x": 4.358008074358786, "y": -1.0, "z": 8.218096582677013}, "1": {"x": 2.000000051323365, "y": -1.0, "z": 9.0}, "2": {"x": 4.815478488961894, "y": 4.0, "z": 9.207308087819287}, "3": {"x": 4.815478488961894, "y": -1.0, "z": 9.207308087819287}, "4": {"x": 1.9999999571927987, "y": 4.0, "z": 10.000000000000002}, "5": {"x": 4.358008074358786, "y": 4.0, "z": 8.218096582677013}, "6": {"x": 1.9999999571927987, "y": -1.0, "z": 10.000000000000002}, "7": {"x": 2.000000051323365, "y": 4.0, "z": 9.0}}, "max_int_key": 7, "max_int_fkey": 5, "attributes": {"name": "B4"}, "facedata": {"0": {}, "1": {}, "2": {}, "3": {}, "4": {}, "5": {}}, "edgedata": {}, "face": {"0": ["5", "2", "3", "0"], "1": ["2", "4", "6", "3"], "2": ["4", "7", "1", "6"], "3": ["7", "5", "0", "1"], "4": ["5", "7", "4", "2"], "5": ["0", "3", "6", "1"]}, "dva": {"x": 0.0, "y": 0.0, "z": 0.0}}, "5": {"dea": {}, "dfa": {}, "vertex": {"0": {"x": -0.35800813695317402, "y": 4.0, "z": 8.218096541165057}, "1": {"x": -0.81547852379552666, "y": 4.0, "z": 9.207308068204616}, "2": {"x": 2.000000051323365, "y": -1.0, "z": 9.0}, "3": {"x": -0.81547852379552666, "y": -1.0, "z": 9.207308068204616}, "4": {"x": -0.35800813695317402, "y": -1.0, "z": 8.218096541165057}, "5": {"x": 1.9999999571927987, "y": 4.0, "z": 10.000000000000002}, "6": {"x": 1.9999999571927987, "y": -1.0, "z": 10.000000000000002}, "7": {"x": 2.000000051323365, "y": 4.0, "z": 9.0}}, "max_int_key": 7, "max_int_fkey": 5, "attributes": {"name": "B5"}, "facedata": {"0": {}, "1": {}, "2": {}, "3": {}, "4": {}, "5": {}}, "edgedata": {}, "face": {"0": ["7", "5", "6", "2"], "1": ["5", "1", "3", "6"], "2": ["1", "0", "4", "3"], "3": ["0", "7", "2", "4"], "4": ["7", "0", "1", "5"], "5": ["2", "6", "3", "4"]}, "dva": {"x": 0.0, "y": 0.0, "z": 0.0}}, "6": {"dea": {}, "dfa": {}, "vertex": {"0": {"x": -3.1242439666193573, "y": 4.0, "z": 7.374212377056514}, "1": {"x": -0.35800813695317135, "y": 4.0, "z": 8.21809654116506}, "2": {"x": -3.1242439666193573, "y": -1.0, "z": 7.374212377056514}, "3": {"x": -0.81547852379552666, "y": 4.0, "z": 9.207308068204618}, "4": {"x": -0.81547852379552666, "y": -1.0, "z": 9.207308068204618}, "5": {"x": -0.35800813695317135, "y": -1.0, "z": 8.21809654116506}, "6": {"x": -2.2045133910188888, "y": 4.0, "z": 6.5140406922294645}, "7": {"x": -2.2045133910188888, "y": -1.0, "z": 6.5140406922294645}}, "max_int_key": 7, "max_int_fkey": 5, "attributes": {"name": "B6"}, "facedata": {"0": {}, "1": {}, "2": {}, "3": {}, "4": {}, "5": {}}, "edgedata": {}, "face": {"0": ["1", "3", "4", "5"], "1": ["3", "0", "2", "4"], "2": ["0", "6", "7", "2"], "3": ["6", "1", "5", "7"], "4": ["1", "6", "0", "3"], "5": ["5", "4", "2", "7"]}, "dva": {"x": 0.0, "y": 0.0, "z": 0.0}}, "7": {"dea": {}, "dfa": {}, "vertex": {"0": {"x": -3.6759009409982597, "y": 4.0, "z": 4.469645883933985}, "1": {"x": -3.124243966619357, "y": 4.0, "z": 7.374212377056511}, "2": {"x": -3.124243966619357, "y": -1.0, "z": 7.374212377056511}, "3": {"x": -5.0041109948833675, "y": -1.0, "z": 5.0942429171353885}, "4": {"x": -3.6759009409982597, "y": -1.0, "z": 4.469645883933985}, "5": {"x": -2.20451339101889, "y": 4.0, "z": 6.514040692229463}, "6": {"x": -5.0041109948833675, "y": 4.0, "z": 5.0942429171353885}, "7": {"x": -2.20451339101889, "y": -1.0, "z": 6.514040692229463}}, "max_int_key": 7, "max_int_fkey": 5, "attributes": {"name": "B7"}, "facedata": {"0": {}, "1": {}, "2": {}, "3": {}, "4": {}, "5": {}}, "edgedata": {}, "face": {"0": ["5", "1", "2", "7"], "1": ["1", "6", "3", "2"], "2": ["6", "0", "4", "3"], "3": ["0", "5", "7", "4"], "4": ["5", "0", "6", "1"], "5": ["7", "2", "3", "4"]}, "dva": {"x": 0.0, "y": 0.0, "z": 0.0}}, "8": {"dea": {}, "dfa": {}, "vertex": {"0": {"x": -6.599541556932927, "y": 4.0, "z": 2.6047885010583567}, "1": {"x": -3.6759009409982615, "y": 4.0, "z": 4.469645883933987}, "2": {"x": -4.915236753194639, "y": 4.0, "z": 2.275242278521784}, "3": {"x": -5.004110994883367,