{"blocks": {"1": {"dea": {}, "dfa": {}, "vertex": {"0": {"x": 3.0, "y": 2.0, "z": 1.1652555314998188}, "1": {"x": 0.0, "y": 0.0, "z": 0.0}, "2": {"x": 2.2003344199816723, "y": -7.4940054162198066e-16, "z": 0.81405370959860535}, "3": {"x": 0.0, "y": 0.0, "z": 1.1334609461337182}, "4": {"x": 0.0, "y": 2.0, "z": 0.0}, "5": {"x": 3.0, "y": 2.0, "z": 0.0}, "6": {"x": 3.0, "y": 0.68254226945066376, "z": 0.8574422637059449}, "7": {"x": 2.200334419981674, "y": 3.8857805861880479e-16, "z": 0.0}, "8": {"x": 3.0000000000000004, "y": 0.68254226945066432, "z": 0.0}, "9": {"x": 0.0, "y": 2.0, "z": 0.73607895163026282}}, "max_int_key": 9, "max_int_fkey": 6, "attributes": {"name": "B1"}, "facedata": {"0": {}, "1": {}, "2": {}, "3": {}, "4": {}, "5": {}, "6": {}}, "edgedata": {}, "face": {"0": ["7", "2", "3", "1"], "1": ["6", "8", "5", "0"], "2": ["5", "4", "9", "0"], "3": ["4", "1", "3", "9"], "4": ["7", "1", "4", "5", "8"], "5": ["2", "6", "0", "9", "3"], "6": ["7", "8", "6", "2"]}, "dva": {"x": 0.0, "y": 0.0, "z": 0.0}}, "0": {"dea": {}, "dfa": {}, "vertex": {"0": {"x": 3.0, "y": 2.0, "z": 1.1652555314998188}, "1": {"x": 3.0, "y": 0.0, "z": 0.6979718218880866}, "2": {"x": 3.0, "y": 0.0, "z": 2.0}, "3": {"x": 0.28244920188399247, "y": 3.3306690738754696e-16, "z": 2.0}, "4": {"x": 3.0, "y": 2.0, "z": 2.0}, "5": {"x": 1.8244617183584215, "y": 2.0, "z": 0.99708436509292953}, "6": {"x": 1.8244617183584213, "y": 2.0, "z": 2.0}, "7": {"x": 0.28244920188399247, "y": 3.3306690738754696e-16, "z": 1.0924597609429387}}, "max_int_key": 7, "max_int_fkey": 5, "attributes": {"name": "B0"}, "facedata": {"0": {}, "1": {}, "2": {}, "3": {}, "4": {}, "5": {}}, "edgedata": {}, "face": {"0": ["3", "7", "1", "2"], "1": ["1", "0", "4", "2"], "2": ["5", "6", "4", "0"], "3": ["5", "0", "1", "7"], "4": ["6", "3", "2", "4"], "5": ["3", "6", "5", "7"]}, "dva": {"x": 0.0, "y": 0.0, "z": 0.0}}}, "assembly": {"dva": {"x": 0.0, "y": 0.0, "z": 0.0, "is_support": false}, "dea": {"interface_forces": null, "interface_origin": null, "niterface_size": null, "interface_uvw": null, "interface_type": null, "interface_points": null}, "attributes": {"color.face": null, "name": "Assembly", "color.vertex": null, "color.edge": null}, "vertex": {"1": {"x": 1.6400668839963348, "y": 0.93650845389013271, "z": 0.47062914025683494, "is_support": true}, "0": {"x": 2.0267277300606032, "y": 1.0, "z": 1.4940964349279717, "is_support": false}}, "edge": {"1": {}, "0": {}}, "halfedge": {"1": {}, "0": {}}, "max_int_key": 1}}