{"blocks": {"1": {"dea": {}, "dfa": {}, "vertex": {"39": {"x": 1.531901676100297, "y": 4.0, "z": 9.664809952587257}, "40": {"x": 3.873621503143559, "y": 0.0, "z": 9.664809952587257}, "41": {"x": 4.846803768927776, "y": 0.0, "z": 7.079794559097939}, "42": {"x": 2.2313764296327054, "y": 4.0, "z": 6.775675101040373}, "43": {"x": 4.451448473452938, "y": 4.0, "z": 8.965335199054854}, "44": {"x": 5.485454630848672, "y": 0.0, "z": 5.467961431392835}, "45": {"x": 5.455042685042908, "y": 0.0, "z": 6.137024239119485}, "46": {"x": 1.531901676100297, "y": 4.0, "z": 4.6164269488316485}, "47": {"x": 3.9040334489493205, "y": 4.0, "z": 9.086982982277879}, "0": {"x": 5.515866576654421, "y": 0.0, "z": 5.011782244306486}, "1": {"x": 3.7823856657262933, "y": 4.0, "z": 6.775675101040372}, "2": {"x": 3.873621503143559, "y": 4.0, "z": 9.664809952587257}, "3": {"x": 4.846803768927776, "y": 4.0, "z": 7.079794559097939}, "4": {"x": 4.755567931510509, "y": 0.0, "z": 6.015376455896456}, "5": {"x": 5.363806847625643, "y": 0.0, "z": 7.566385691990048}, "6": {"x": 5.485454630848672, "y": 4.0, "z": 5.467961431392835}, "10": {"x": 5.515866576654421, "y": 4.0, "z": 5.011782244306486}, "11": {"x": 3.812797611532046, "y": 0.0, "z": 7.35350207134975}, "12": {"x": 2.2313764296327054, "y": 0.0, "z": 9.086982982277879}, "13": {"x": 4.755567931510509, "y": 4.0, "z": 6.015376455896456}, "14": {"x": 2.2313764296327054, "y": 0.0, "z": 7.353502071349749}, "15": {"x": 5.363806847625643, "y": 4.0, "z": 7.566385691990048}, "16": {"x": 4.846803768927776, "y": 0.0, "z": 4.768486677860432}, "17": {"x": 5.72875019729472, "y": 4.0, "z": 4.6164269488316485}, "18": {"x": 4.907627660539291, "y": 4.0, "z": 4.6164269488316485}, "19": {"x": 3.812797611532046, "y": 4.0, "z": 7.35350207134975}, "7": {"x": 5.455042685042908, "y": 4.0, "z": 6.137024239119485}, "8": {"x": 4.907627660539291, "y": 0.0, "z": 4.6164269488316485}, "9": {"x": 5.72875019729472, "y": 0.0, "z": 4.6164269488316485}, "20": {"x": 2.2313764296327054, "y": 4.0, "z": 9.086982982277879}, "21": {"x": 4.846803768927776, "y": 0.0, "z": 9.512750223558475}, "22": {"x": 4.816391823122023, "y": 0.0, "z": 5.16384197333527}, "23": {"x": 4.846803768927776, "y": 4.0, "z": 4.768486677860432}, "24": {"x": 2.2313764296327054, "y": 4.0, "z": 7.353502071349749}, "25": {"x": 5.272571010208367, "y": 0.0, "z": 6.775675101040372}, "26": {"x": 5.728750197294719, "y": 0.0, "z": 4.707662786248919}, "27": {"x": 4.846803768927776, "y": 4.0, "z": 9.512750223558475}, "28": {"x": 4.816391823122023, "y": 4.0, "z": 5.16384197333527}, "29": {"x": 2.2313764296327054, "y": 0.0, "z": 4.6164269488316485}, "30": {"x": 5.272571010208367, "y": 4.0, "z": 6.775675101040372}, "31": {"x": 1.531901676100297, "y": 0.0, "z": 9.664809952587257}, "32": {"x": 5.728750197294719, "y": 4.0, "z": 4.707662786248919}, "33": {"x": 2.2313764296327054, "y": 0.0, "z": 6.775675101040373}, "34": {"x": 2.2313764296327054, "y": 4.0, "z": 4.6164269488316485}, "35": {"x": 3.9040334489493205, "y": 0.0, "z": 9.086982982277879}, "36": {"x": 4.451448473452938, "y": 0.0, "z": 8.965335199054854}, "37": {"x": 1.531901676100297, "y": 0.0, "z": 4.6164269488316485}, "38": {"x": 3.7823856657262933, "y": 0.0, "z": 6.775675101040372}}, "max_int_key": 47, "max_int_fkey": 27, "attributes": {"name": "B1"}, "facedata": {"0": {}, "1": {}, "2": {}, "3": {}, "4": {}, "5": {}, "6": {}, "10": {}, "11": {}, "12": {}, "13": {}, "14": {}, "15": {}, "16": {}, "17": {}, "18": {}, "19": {}, "7": {}, "8": {}, "9": {}, "20": {}, "21": {}, "22": {}, "23": {}, "24": {}, "25": {}, "26": {}, "27": {}}, "edgedata": {}, "face": {"0": ["31", "40", "2", "39"], "1": ["40", "21", "27", "2"], "2": ["21", "5", "15", "27"], "3": ["5", "41", "3", "15"], "4": ["41", "25", "30", "3"], "5": ["25", "45", "7", "30"], "6": ["45", "44", "6", "7"], "10": ["9", "8", "18", "17"], "11": ["8", "16", "23", "18"], "12": ["16", "22", "28", "23"], "13": ["22", "4", "13", "28"], "14": ["4", "38", "1", "13"], "15": ["38", "33", "42", "1"], "16": ["33", "29", "34", "42"], "17": ["29", "37", "46", "34"], "18": ["37", "31", "39", "46"], "19": ["11", "36", "43", "19"], "7": ["44", "0", "10", "6"], "8": ["0", "26", "32", "10"], "9": ["26", "9", "17", "32"], "20": ["36", "35", "47", "43"], "21": ["35", "12", "20", "47"], "22": ["12", "14", "24", "20"], "23": ["14", "11", "19", "24"], "24": ["31", "37", "29", "33", "38", "4", "22", "16", "8", "9", "26", "0", "44", "45", "25", "41", "5", "21", "40"], "25": ["11", "14", "12", "35", "36"], "26": ["39", "2", "27", "15", "3", "30", "7", "6", "10", "32", "17", "18", "23", "28", "13", "1", "42", "34", "46"], "27": ["19", "43", "47", "20", "24"]}, "dva": {"x": 0.0, "y": 0.0, "z": 0.0}}, "2": {"dea": {}, "dfa": {}, "vertex": {"0": {"x": 3.8802168866530504, "y": 0.0, "z": 12.584356749939902}, "1": {"x": 3.8802168866530504, "y": 4.0, "z": 12.006529779630524}, "2": {"x": 5.339990285329371, "y": 0.0, "z": 9.664809952587257}, "3": {"x": 5.096694718883315, "y": 0.0, "z": 14.135365986033491}, "4": {"x": 5.339990285329371, "y": 4.0, "z": 10.242636922896631}, "5": {"x": 5.248754447912097, "y": 0.0, "z": 12.006529779630524}, "6": {"x": 5.9178172556387505, "y": 4.0, "z": 11.915293942213255}, "10": {"x": 5.248754447912097, "y": 4.0, "z": 12.006529779630524}, "11": {"x": 5.096694718883315, "y": 4.0, "z": 14.135365986033491}, "12": {"x": 5.370402231135124, "y": 0.0, "z": 14.713192956342873}, "13": {"x": 3.8802168866530504, "y": 4.0, "z": 10.242636922896631}, "14": {"x": 5.339990285329371, "y": 4.0, "z": 9.664809952587257}, "15": {"x": 6.191524767890559, "y": 0.0, "z": 12.371473129299597}, "16": {"x": 5.370402231135124, "y": 4.0, "z": 14.713192956342873}, "17": {"x": 5.796169472415723, "y": 0.0, "z": 12.70600453316292}, "18": {"x": 5.765757526609962, "y": 0.0, "z": 14.044130148616226}, "19": {"x": 6.252348659502074, "y": 0.0, "z": 10.607580272565714}, "7": {"x": 3.8802168866530504, "y": 0.0, "z": 10.242636922896631}, "8": {"x": 5.127106664689077, "y": 4.0, "z": 12.584356749939902}, "9": {"x": 3.8802168866530504, "y": 4.0, "z": 12.584356749939902}, "20": {"x": 6.191524767890559, "y": 4.0, "z": 12.371473129299597}, "21": {"x": 5.765757526609962, "y": 4.0, "z": 14.044130148616226}, "22": {"x": 5.796169472415723, "y": 4.0, "z": 12.70600453316292}, "23": {"x": 6.252348659502074, "y": 4.0, "z": 10.607580272565714}, "24": {"x": 3.8802168866530504, "y": 0.0, "z": 14.135365986033491}, "25": {"x": 3.8802168866530504, "y": 4.0, "z": 14.135365986033491}, "26": {"x": 3.2111540789264037, "y": 0.0, "z": 14.713192956342873}, "27": {"x": 3.2111540789264037, "y": 0.0, "z": 9.664809952587257}, "28": {"x": 3.2111540789264037, "y": 4.0, "z": 14.713192956342873}, "29": {"x": 3.2111540789264037, "y": 4.0, "z": 9.664809952587257}, "30": {"x": 6.586880063365399, "y": 0.0, "z": 12.675592587357167}, "31": {"x": 3.8802168866530504, "y": 0.0, "z": 12.006529779630524}, "32": {"x": 5.9178172556387505, "y": 0.0, "z": 11.915293942213255}, "33": {"x": 6.586880063365399, "y": 4.0, "z": 12.675592587357167}, "34": {"x": 5.339990285329371, "y": 0.0, "z": 10.242636922896631}, "35": {"x": 5.127106664689077, "y": 0.0, "z": 12.584356749939902}}, "max_int_key": 35, "max_int_fkey": 23, "attributes": {"name": "B2"}, "facedata": {"0": {}, "1": {}, "2": {}, "3": {}, "4": {}, "5": {}, "6": {}, "10": {}, "11": {}, "12": {}, "13": {}, "14": {}, "15": {}, "16": {}, "17": {}, "18": {}, "19": {}, "7": {}, "8": {}, "9": {}, "20": {}, "21": {}, "22": {}, "23": {}}, "edgedata": {}, "face": {"0": ["26", "12", "16", "28"], "1": ["12", "30", "33", "16"], "2": ["30", "15", "20", "33"], "3": ["15", "2", "14", "20"], "4": ["2", "27", "29", "14"], "5": ["27", "26", "28", "29"], "6": ["34", "19", "23", "4"], "10": ["31", "7", "13", "1"], "11": ["7", "34", "4", "13"], "12": ["35", "17", "22", "8"], "13": ["17", "18", "21", "22"], "14": ["18", "3", "11", "21"], "15": ["3", "24", "25", "11"], "16": ["24", "0", "9", "25"], "17": ["0", "35", "8", "9"], "18": ["26", "27", "2", "15", "30", "12"],