{"blocks": {"1": {"dea": {}, "dfa": {}, "vertex": {"0": {"x": -5.0, "y": 10.0, "z": 13.0}, "1": {"x": 5.0, "y": 10.0, "z": 10.0}, "2": {"x": 11.708203932499369, "y": 10.0, "z": 24.23606797749979}, "3": {"x": 8.8817841970012523e-16, "y": 10.0, "z": 13.0}, "4": {"x": 5.0, "y": 0.0, "z": 20.0}, "5": {"x": 0.0, "y": 10.0, "z": 17.0}, "6": {"x": 1.0, "y": 10.0, "z": 20.0}, "10": {"x": 5.0, "y": 0.0, "z": 17.0}, "11": {"x": 8.8817841970012523e-16, "y": 0.0, "z": 13.0}, "12": {"x": 5.0, "y": 10.0, "z": 20.0}, "13": {"x": 11.708203932499369, "y": 0.0, "z": 24.23606797749979}, "14": {"x": 0.0, "y": 10.0, "z": 10.0}, "15": {"x": -5.0, "y": 10.0, "z": 16.0}, "16": {"x": 0.0, "y": 0.0, "z": 17.0}, "17": {"x": 5.0, "y": 10.0, "z": 13.0}, "18": {"x": 5.0, "y": 0.0, "z": 10.0}, "19": {"x": 1.0, "y": 0.0, "z": 20.0}, "7": {"x": 9.152273992687002, "y": 0.0, "z": 23.660909597074792}, "8": {"x": 5.0, "y": 0.0, "z": 13.0}, "9": {"x": -5.0, "y": 0.0, "z": 16.0}, "20": {"x": 9.152273992687002, "y": 10.0, "z": 23.660909597074792}, "21": {"x": 5.0, "y": 10.0, "z": 17.0}, "22": {"x": -5.0, "y": 0.0, "z": 13.0}, "23": {"x": 0.0, "y": 0.0, "z": 10.0}}, "max_int_key": 23, "max_int_fkey": 13, "attributes": {"name": "B1"}, "facedata": {"10": {}, "11": {}, "12": {}, "13": {}, "0": {}, "1": {}, "2": {}, "3": {}, "4": {}, "5": {}, "6": {}, "7": {}, "8": {}, "9": {}}, "edgedata": {}, "face": {"10": ["9", "11", "3", "15"], "11": ["11", "8", "17", "3"], "12": ["8", "11", "9", "22", "23", "18", "4", "19", "7", "13", "16", "10"], "13": ["17", "21", "5", "2", "20", "6", "12", "1", "14", "0", "15", "3"], "0": ["8", "10", "21", "17"], "1": ["10", "16", "5", "21"], "2": ["16", "13", "2", "5"], "3": ["13", "7", "20", "2"], "4": ["7", "19", "6", "20"], "5": ["19", "4", "12", "6"], "6": ["4", "18", "1", "12"], "7": ["18", "23", "14", "1"], "8": ["23", "22", "0", "14"], "9": ["22", "9", "15", "0"]}, "dva": {"x": 0.0, "y": 0.0, "z": 0.0}}, "0": {"dea": {}, "dfa": {}, "vertex": {"0": {"x": -8.333333333333361, "y": 10.0, "z": 15.0}, "1": {"x": 16.666666666666625, "y": 0.0, "z": 1.7763568394002505e-15}, "2": {"x": -8.333333333333361, "y": 0.0, "z": 15.0}, "3": {"x": -5.0, "y": 0.0, "z": 13.0}, "4": {"x": -17.0, "y": 10.0, "z": 0.0}, "5": {"x": -5.0, "y": 10.0, "z": 13.0}, "6": {"x": 16.666666666666625, "y": 10.0, "z": 1.7763568394002505e-15}, "7": {"x": -17.0, "y": 0.0, "z": 0.0}}, "max_int_key": 7, "max_int_fkey": 5, "attributes": {"name": "B0"}, "facedata": {"0": {}, "1": {}, "2": {}, "3": {}, "4": {}, "5": {}}, "edgedata": {}, "face": {"0": ["3", "1", "6", "5"], "1": ["1", "7", "4", "6"], "2": ["7", "2", "0", "4"], "3": ["2", "3", "5", "0"], "4": ["3", "2", "7", "1"], "5": ["5", "6", "4", "0"]}, "dva": {"x": 0.0, "y": 0.0, "z": 0.0}}}, "assembly": {"dva": {"x": 0.0, "y": 0.0, "z": 0.0, "is_support": false}, "dea": {"interface_forces": null, "interface_origin": null, "niterface_size": null, "interface_uvw": null, "interface_type": null, "interface_points": null}, "attributes": {"color.face": null, "name": "Assembly", "color.vertex": null, "color.edge": null}, "vertex": {"1": {"x": 2.6550398270988644, "y": 5.0, "z": 16.40808146454788, "is_support": false}, "0": {"x": -3.416666666666684, "y": 5.0, "z": 7.0, "is_support": true}}, "edge": {"1": {}, "0": {}}, "halfedge": {"1": {}, "0": {}}, "max_int_key": 1}}