{"blocks": {"1": {"dea": {}, "dfa": {}, "vertex": {"0": {"x": 1.6434013043240538, "y": 0.062066839489945513, "z": 7.3529411764705905}, "1": {"x": 2.964101615137755, "y": 6.598076211353316, "z": 5.0}, "2": {"x": -1.3660254037844388, "y": 4.098076211353316, "z": 2.0}, "3": {"x": -0.85659869567594615, "y": 4.392193858412139, "z": 7.3529411764705905}, "4": {"x": -0.39430552810991926, "y": -1.1144037487453484, "z": 2.9411764705882364}, "5": {"x": 1.1339745962155612, "y": -0.23205080756887764, "z": 2.0}, "6": {"x": -2.894305528109919, "y": 3.215723270176845, "z": 2.9411764705882364}, "7": {"x": 5.464101615137755, "y": 2.2679491924311224, "z": 5.0}}, "max_int_key": 7, "max_int_fkey": 5, "attributes": {"name": "B1"}, "facedata": {"0": {}, "1": {}, "2": {}, "3": {}, "4": {}, "5": {}}, "edgedata": {}, "face": {"0": ["4", "5", "7", "0"], "1": ["0", "7", "1", "3"], "2": ["3", "1", "2", "6"], "3": ["6", "2", "5", "4"], "4": ["4", "0", "3", "6"], "5": ["5", "2", "1", "7"]}, "dva": {"x": 0.0, "y": 0.0, "z": 0.0}}, "2": {"dea": {}, "dfa": {}, "vertex": {"0": {"x": -1.3660254037844388, "y": 4.098076211353316, "z": 0.0}, "1": {"x": 2.964101615137755, "y": 6.598076211353316, "z": 5.0}, "2": {"x": -1.3660254037844388, "y": 4.098076211353316, "z": 2.0}, "3": {"x": 1.1339745962155612, "y": -0.23205080756887764, "z": 0.0}, "4": {"x": 1.1339745962155612, "y": -0.23205080756887764, "z": 2.0}, "5": {"x": 5.464101615137755, "y": 2.2679491924311224, "z": 0.0}, "6": {"x": 5.464101615137755, "y": 2.2679491924311224, "z": 5.0}, "7": {"x": 2.964101615137755, "y": 6.598076211353316, "z": 0.0}}, "max_int_key": 7, "max_int_fkey": 5, "attributes": {"name": "B2"}, "facedata": {"0": {}, "1": {}, "2": {}, "3": {}, "4": {}, "5": {}}, "edgedata": {}, "face": {"0": ["3", "5", "6", "4"], "1": ["5", "7", "1", "6"], "2": ["7", "0", "2", "1"], "3": ["0", "3", "4", "2"], "4": ["3", "0", "7", "5"], "5": ["4", "6", "1", "2"]}, "dva": {"x": 0.0, "y": 0.0, "z": 0.0}}, "0": {"dea": {}, "dfa": {}, "vertex": {"1": {"x": 4.489164001875684, "y": 9.787972467625934, "z": 0.0}, "2": {"x": 9.489164001875684, "y": 1.1277184297815488, "z": 0.0}, "3": {"x": -7.489164001875684, "y": 2.872281570218451, "z": 0.0}, "0": {"x": -2.4891640018756847, "y": -5.787972467625936, "z": 0.0}}, "max_int_key": 3, "max_int_fkey": 0, "attributes": {"name": "B0"}, "facedata": {"0": {}}, "edgedata": {}, "face": {"0": ["0", "2", "1", "3"]}, "dva": {"x": 0.0, "y": 0.0, "z": 0.0}}}, "assembly": {"dva": {"x": 0.0, "y": 0.0, "z": 0.0, "is_support": false}, "dea": {"interface_forces": null, "interface_origin": null, "niterface_size": null, "interface_uvw": null, "interface_type": null, "interface_points": null}, "attributes": {"color.face": null, "name": "Assembly", "color.vertex": null, "color.edge": null}, "vertex": {"1": {"x": 0.71179299689186259, "y": 2.4109538783628075, "z": 4.3235294117647065, "is_support": false}, "2": {"x": 2.049038105676658, "y": 3.1830127018922187, "z": 1.75, "is_support": false}, "0": {"x": 1.0, "y": 1.9999999999999996, "z": 0.0, "is_support": true}}, "edge": {"1": {}, "2": {}, "0": {}}, "halfedge": {"1": {}, "2": {}, "0": {}}, "max_int_key": 2}}